rsid,power
rs114138760,0.139329718575838
rs35749011,0.999999999996593
rs76763715,0.167603184412949
rs6658353,0.303076782801974
rs11578699,0.092386357656435
rs823118,0.994801833206328
rs11557080,0.927986836664029
rs4653767,0.545686616616335
rs10797576,0.612228834129155
rs76116224,0.0873341434346892
rs2042477,0.0290474491274016
rs11683001,0.316867724581549
rs57891859,0.508458884914921
rs1474055,0.999888334528149
rs73038319,0.281072123665977
rs6808178,0.297510802471027
rs12497850,0.201613285919002
rs55961674,0.247065617086403
rs11707416,0.199576935181801
rs1450522,0.134930001339922
rs10513789,0.999420729755309
rs873786,0.979622426810344
rs34311866,0.999999999999985
rs4698412,0.990759613232591
rs34025766,0.167528461430293
rs6825004,0.132984434896423
rs4101061,0.829806037070749
rs6854006,0.877337216992037
rs356182,1
rs5019538,0.999999993306828
rs13117519,0.259727845135901
rs62333164,0.180115627277011
rs1867598,0.96076576359287
rs26431,0.130900157190351
rs11950533,0.121086929814262
rs4140646,0.418031645443374
rs9261484,0.121524154206189
rs112485576,0.992183437620019
rs12528068,0.169080593108778
rs997368,0.0854672224116371
rs75859381,0.0976705106022451
rs199351,0.982801257718213
rs76949143,0.0807031575940051
rs1293298,0.769296699295686
rs620513,0.654444801909545
rs2280104,0.0837686909117807
rs2086641,0.0197094776382279
rs13294100,0.796647858882109
rs10756907,0.747104799019177
rs6476434,0.097411903344595
rs896435,0.397231615047578
rs10748818,0.108729734973649
rs72840788,0.237561275158193
rs117896735,0.934523606655835
rs7938782,0.0929426764352919
rs12283611,0.268131450710206
rs3802920,0.760791919742572
rs76904798,0.97892028200261
rs34637584,0.99994102817644
rs7134559,0.0679750286052957
rs10847864,0.999955064575366
rs11610045,0.18726646668093
rs9568188,0.105203041039887
rs4771268,0.109788771335771
rs12147950,0.0687855554801774
rs11158026,0.70663499939287
rs3742785,0.0364615619215444
rs979812,0.193559107164253
rs2251086,0.847378201756552
rs6497339,0.104974157208258
rs2904880,0.200649026437669
rs11150601,0.883217758863732
rs6500328,0.0356322980702173
rs3104783,0.333563027477746
rs10221156,0.11345904336716
rs12600861,0.0961601341106938
rs12951632,0.109360202664061
rs2269906,0.0515213599254845
rs850738,0.14300235219257
rs62053943,0.999999999996168
rs117615688,0.0021764531167052
rs11658976,0.0621029989010787
rs61169879,0.0664256595536746
rs666463,0.0977178576594774
rs1941685,0.0779573847955092
rs12456492,0.947828924572429
rs8087969,0.0375096474888598
rs55818311,0.101709165963058
rs77351827,0.0614266234758595
rs2248244,0.103031620866733
